"no","title","price","content","img"
1,사과,10000,사과 설명,"1veg.png"
2,블루베리,8000,블루베리 설명,
3,수박,6000,수박 설명,
4,콩나물,5000,콩나물 설명,
5,호박,12000,호박 설명,
6,쌀,5000,쌀 설명,
7,쌀2,5500,쌀2 설명,
8,완두콩,8000,완두콩 설명,
9,호두,16000,호두 설명,
10,애호박,7000,애호박 설명,
11,수산물1,8000,수산물1 설명,
12,수산물2,8100,수산물2 설명,
13,수산물3,8200,수산물3 설명,
14,수산물4,8300,수산물4 설명,
15,수산물5,8400,수산물5 설명,
16,수산물6,8500,수산물6 설명,
17,수산물7,8600,수산물7 설명,
18,수산물8,8700,수산물8 설명,
19,수산물9,8800,수산물9 설명,
20,정육1,15220,정육1 설명,
21,정육2,15083,정육2 설명,
22,정육3,16030,정육3 설명,
23,정육4,16730,정육4 설명,
24,정육5,12050,정육5 설명,
25,정육6,12950,정육6 설명,
26,정육7,18060,정육7 설명,
27,정육8,12832,정육8 설명,
28,정육9,18012,정육9 설명,
29,양념1,6000,양념1 설명,
30,양념2,6250,양념2 설명,
31,양념3,5500,양념3 설명,
32,양념4,4020,양념4 설명,
33,양념5,3200,양념5 설명,
34,양념6,2080,양념6 설명,
35,양념7,7800,양념7 설명,
36,양념8,9020,양념8 설명,
37,양념9,13080,양념9 설명,
